STAID,Cluster_H_7,WD_BASIN,SNOW_PCT_PRECIP,NO200AVE,NO10AVE,CONTACT,RUNAVE7100,WB5100_MAY_MM,WB5100_JUN_MM,WB5100_NOV_MM,WB5100_ANN_MM
1013500,3,136.4,36.9,54.53,70.25,244.8,604.1,113.7,76,40,446.2
1022500,3,119.2,38.2,41.5,72.61,115.5,760,151.3,99.4,65.7,642.3
1030500,3,127.1,37.2,53.03,70.81,523.6,646.3,132.5,83.5,52,525.9
1031500,3,131.3,39.3,52.18,73.27,138,738.5,139,123.9,61.7,641.7
1046000,3,130.2,39,52.79,73.29,160.8,679.2,138.3,139.7,64.2,699.4
1047000,3,131.5,39.4,43.67,74.49,82.5,675.1,139.2,132.8,63.1,693.3
1052500,3,155.7,39.3,49.67,71.18,43.4,667.2,129.6,153.1,57,733
1054200,3,142.4,39,41.88,74.12,15.5,719.3,141.7,132.2,72.6,742
1054300,3,139.3,37.7,34.86,72.23,71.2,717.9,137.7,115.2,62.6,638.9
1055000,3,136.9,39.4,44.64,74.08,23.9,717.7,136.3,140.1,63.2,703.6
1057000,3,123.2,36.2,32.81,70.53,25.3,717,126.4,82.1,54.2,542.2
1073000,4,110.7,30.4,39.27,77.52,39.6,613,90.8,51.1,44.7,495.3
1078000,3,122.3,33.3,31.2,69.48,23.3,768.8,126.9,76.1,55.3,557.2
1086000,3,119.4,33.1,34.09,70.84,32,564.7,125.7,73,54.9,572.2
1091000,3,110.6,32.4,33.59,71.23,41,550.2,116.6,67,56.3,581.5
1117800,4,116.5,26,32.72,69.34,40.3,699.4,82.6,49.3,57.3,640.5
1118300,5,115.7,24.3,36.52,71.84,62.7,699.2,76.2,45.8,53.6,628.4
1121000,5,115.8,26.8,37.63,72.36,34.9,675,84.2,50.7,55.4,596.8
1123000,4,115,26.6,36.16,71.52,51.5,675.6,82.8,49.3,54.6,603.4
1130000,3,142.7,37.1,36.43,71.07,25.9,672.9,134,124.6,58.8,669.2
1134500,3,151.4,34.9,44.7,77.05,87.3,642.9,133.8,101,54.4,602.1
1137500,3,162.2,43.3,40.62,72.5,16.6,674.5,146.4,194.3,86.7,1103.7
1139000,3,133.9,33,46.84,81.01,33.3,568.1,113.8,72.3,47.5,487.4
1139800,3,130.8,34,46.27,81.21,18.1,567.7,127.1,81.1,50,529.8
1142500,3,127,33.7,48.7,80.27,42,641.8,118.7,73.3,45.8,488
1144000,3,128.7,35.3,46.38,78.73,24.2,641.6,131.6,90.9,51.8,563.9
1150900,3,140.3,38.3,45.95,75.99,19.9,695.1,163.5,163.7,76.3,859.3
1154000,3,125,35.7,42.69,72.24,20.7,724.5,147.4,98.1,60.5,641.5
1162500,5,109.1,31,31.04,69.86,107.9,639.5,112.5,65.8,53.6,565.8
1169000,3,130.7,34.3,44.85,74.51,47.3,862,153.6,104,69.6,723.1
1170100,3,129.1,34.3,43.76,74.35,33.7,852.3,152.7,104.1,68.9,716.9
1181000,3,116,31.8,43.93,74.85,58.4,710.4,144.3,89.3,71.2,718.1
1187300,5,118.4,31.9,42.32,74.13,81,697.3,144.6,91.3,72.7,739.5
1188000,4,113.1,27.9,33.26,69.62,34,697,111.8,68.7,70.9,717.7
1193500,5,110.7,25.2,37.66,72.42,34.5,679.1,81.8,50.4,57.7,625.4
1194000,5,111.8,24.9,37.56,72.16,33.5,679,80.7,49.7,57.6,642.6
1194500,5,111.9,25,36.73,71.64,37.7,680,83.4,51.4,59.6,656.2
1195100,5,108.6,23.8,38.53,73.02,39,723,71.3,45,50.6,606.4
1198000,4,129.4,28.1,42.72,62.41,59.9,653.3,101.7,60.3,52.5,561.1
1208950,5,107.2,20,33.11,69.38,58.4,621,61,37.8,40.9,536.1
1208990,5,107.9,23,37.25,72.01,36.2,619.2,79.1,47.4,58.6,637.8
1333000,4,130.2,31.1,44.11,65.64,18.4,710.6,135,85.4,67.5,678.2
1350000,5,122.5,33.4,36.33,51.41,51.9,472.7,137.8,102.4,63.9,671.9
1350080,4,125,30.8,37.98,54.61,79.4,473,110.9,68.4,48.1,515.2
1350140,5,130.7,27.5,42.68,57.65,80.1,476.2,96,57,46.2,496.1
1365000,4,123.8,30.2,35.39,47.14,32.5,572.5,141.8,98.7,74.3,758.3
1409810,3,103.7,15,20.19,87.35,122.9,594.2,44.1,24.5,26.9,453.8
1411300,3,100,13.3,27.83,84.36,169.9,511,38.2,21.8,24.1,415.9
1413500,4,124.8,31.2,36.97,50.58,45.6,495.2,123.2,83.9,56.9,596.4
1414000,5,125.3,28.5,37.38,50.52,42.5,496,98.3,60.1,48.1,497.6
1414500,4,123.8,33.8,36.82,49.45,53.3,496,153,126.3,74.2,775.5
1415000,5,130.3,28.4,37.56,51.22,43.2,496,102.8,63.3,51.8,527.2
1422500,5,131,29,37.43,50.77,47.5,496,106.3,65.7,52,536.8
1423000,4,138.3,28.7,36.89,51.98,56.3,496.9,105.7,64.8,53.1,542.5
1434025,3,129.5,36.6,35.1,46.57,21.8,634.4,176.6,166.4,88.9,957.8
1439500,5,120.3,26.6,42.41,63.62,241.3,636.7,91.9,56.3,49.3,559.9
1440000,4,110.8,23.7,37.84,60.7,121.6,636,74.5,46.7,44.9,524.9
1440400,4,122.6,26.4,43,61.82,213.5,636.4,94.7,57.8,53.9,591.6
1451800,5,109.6,21,38.96,54.2,89.4,722.4,66.1,40.3,45.8,538.2
1466500,1,105,15,18.28,88.44,66.8,559.5,44.7,25.6,29.2,462.6
1484100,4,104,11,27.6,91.63,464.8,434,37,22,24,412.9
1485000,4,103.1,9,27.13,90.45,804.7,439,37.2,21.9,21.7,427
1485500,5,104.2,8.9,28.21,89.86,297.3,438.5,35.1,21.8,21.7,413.3
1486000,4,97.9,9,33.71,91.44,370.5,439,34,21,23,405
1487000,4,103,10.8,33.37,89.07,469.5,435,36.4,21.8,23.3,408.5
1490000,4,100.4,9,34.22,87.62,390,435,32.6,21,19,371.5
1491000,5,103.7,11.1,34.78,88.4,935.6,434.8,36.7,22.5,21.6,397.5
1493500,3,103.2,12,55.64,92.53,646,491,38.3,25.4,19.4,394.5
1502500,4,143.6,27,44.41,60.18,142.7,573.9,86.5,53,46,477.7
1510000,4,146.8,28.9,46.8,60.45,115.3,580,106.7,65.6,49.3,515.5
1516500,5,111.8,26.4,46.26,61.78,119.3,380,77.5,49.6,36.9,420.6
1518862,5,133.9,27.1,45.82,60.09,71,381.8,68.1,46.4,30.3,365.4
1532000,5,116.1,25.6,44.58,61.05,139.8,506.6,73.8,46.8,36.1,417.7
1539000,5,117.5,23.5,44.26,61.5,85,572.4,75.8,48.6,45.6,501.6
1542810,5,155.6,26,48.3,65.48,9.2,609.4,83.9,56.2,46.2,504.4
1543000,5,153.8,26.1,47.71,64.47,18.6,609.4,83.8,55.8,45.6,505.9
1543500,5,151.5,25.4,48.32,65.55,25.1,609.6,79.3,52.4,41.7,487.3
1544500,5,137.8,26.4,47.26,66.46,16,589.3,79,51.6,38.6,451.6
1545600,5,133.8,26.2,39.36,60.72,12.6,588.5,79.1,52.2,40.1,462.8
1547700,5,129,21.9,40.85,57.67,17.5,562,52.5,34.6,28.1,377.7
1548500,4,129.4,26.6,45.38,60.61,60.9,548,71.9,47.5,32.8,393.3
1549500,5,116.1,27,43.57,60.16,92.3,553.3,79.7,51.1,38,432.8
1550000,5,116.4,26.2,44.06,58.37,76.1,636.5,76.1,48.1,39,435.6
1552000,5,121.7,26.5,42.83,59.98,115,635.9,85.6,53.6,47.9,502.4
1552500,5,126.7,27.9,43.25,60.45,79.9,637.2,117.5,74.9,65.5,652.2
1557500,4,132.5,23.1,39.67,57.75,22.4,508.6,67.8,43.2,33.6,446.5
1566000,5,112.5,18.8,41.79,57.95,50.1,452.3,47.3,29.3,23.5,378
1567500,4,109.2,18,47.54,60.36,118.5,537.5,46,28.5,22.7,368.5
1568000,4,108.6,18,41.39,59.61,55.2,540.3,47.8,29.9,24.4,387
1580000,3,109.6,15.5,55.97,78.29,89.5,461.4,48.2,29.9,29.9,440.6
1583500,4,108.4,13.9,55.16,76.42,86.3,371,46.4,29.5,25.5,433
1586610,4,102.5,14.7,49.06,71.09,95.6,373.1,44.5,29.5,23.1,407.1
1591400,4,100.2,13.6,57.86,79.7,160.3,374.9,44,28.9,23,409.1
1594950,5,161,25,45.98,62.25,22,526.1,104,70,52,724.9
1596500,5,138,23.1,44.15,62.83,8,516.9,73.8,44.5,32.8,482.9
1601000,5,118.6,20.2,40.23,56.72,18.8,515.2,57.8,36.1,27.2,412.5
1605500,4,126.4,20.3,41.42,61.44,13.6,354.8,52.5,34.2,26.9,414.8
1606000,5,142.1,20.9,45.97,63.65,11.9,358.8,59,38.4,30.2,439.2
1606500,4,132.2,19.5,43.91,62.47,13.4,356.4,50.6,33.1,25.7,390.5
1609000,5,111.9,16.8,41.98,58.22,23.8,352.1,40.5,25.5,16.2,321.9
1610155,6,105.3,16.4,34.33,52.59,35,350.6,40.2,25.5,16.3,325.2
1611500,4,111,15.6,36.99,56.97,25,349.2,40.3,27.1,24.9,358.8
1613050,6,106.9,18,35.08,55.22,57.3,420.4,44.7,28.7,20.5,351.1
1613900,4,105.5,14.3,53.09,67.89,139.8,417.6,37.5,25,19.8,331.7
1614000,5,104.5,14.1,45.02,60.34,147.1,419.5,36.3,23.6,17.6,316.5
1620500,5,116.6,19,41.62,63.41,9.6,375.5,50.5,34,32,433
1632000,5,113.7,14.7,37.04,55.87,38.9,317.3,34.8,23.4,22.7,323.9
1632900,4,105,13.6,59.48,75.26,174.8,321.3,33.8,22.1,27.6,350.8
1634500,4,106.4,14.5,39.95,57.92,82.4,317.3,36.4,24.1,22.1,333.2
1638480,5,91.1,12.2,52.81,80.44,109.1,404,37.4,24.2,16.7,328.3
1639500,4,103.7,15.4,40.06,60.35,188.8,451.4,43.8,28.3,21.7,392.4
1643700,5,101.7,12.9,54.04,81.86,65.1,404.4,36.4,23.9,20.7,344.7
1644000,5,97.5,12.4,53.57,79.86,85.9,404.2,36.7,24.3,19.5,344.8
1658500,5,95.4,10.1,50.58,82.24,116.2,402.4,29,18.1,14.2,295.4
1661050,5,105,9,47.85,75.46,275.4,401.5,32.3,20.3,19.3,361.8
1662800,5,97.4,12.3,55.04,83.56,137.1,438,34.9,23.1,23.3,343.5
1663500,5,101.3,12.1,52.64,78.02,139.3,437.7,37.9,25.5,29.6,387.3
1664000,5,101.5,11.8,52.56,77.99,142.7,437.6,35.9,24.1,25.2,364.1
1665500,5,110,11.1,51.95,71.18,232.4,437.6,41.9,29.9,37.9,462.6
1666500,5,105.7,11.1,55.09,80.14,297.7,437.8,37.1,26.3,30,403.6
1667500,5,105.9,10.6,55.6,78.8,401.9,437.5,36.3,26,29.5,402.1
1669000,5,106.2,7.8,39.92,89.28,616.1,376.3,31,19,20.1,347.2
1669520,5,105.9,6.8,43.29,90.03,857.2,389.1,30.9,18.3,19.8,351.6
2011400,4,122.6,18.4,41.05,62.29,16.7,444.5,53.6,35,32.1,462.7
2013000,4,116.6,14.4,39.89,60.69,13.7,446.3,39.1,25.5,20.5,361.5
2014000,4,113.8,13.1,41.05,62.51,14.7,445.2,42.9,28.4,27.4,415.7
2015700,3,121.3,19,37.66,60.12,16.8,444,48.4,30.8,25.1,408.1
2016000,4,113.6,16,37.47,58.12,21.2,444,44.6,29.2,26.5,411
2017500,4,108.1,12.7,40.91,62.62,27.5,444.7,41.2,27.5,26.5,404.4
2018000,4,108.8,11.3,40.85,62.42,22.6,444.6,38.8,25.9,25.3,391
2027000,5,105,12.8,51.51,73.37,52.8,503,49.5,33.7,39.9,509.8
2027500,5,104.4,12.3,53.85,72.35,29.1,504.7,47.1,32.5,38.9,499.8
2028500,5,105.6,11.1,52.98,78.23,25.7,503,42.9,28.9,34.3,462.9
2030500,4,100.8,8.5,76.75,91.36,1276.1,504.1,33.7,21.6,23,365.3
2038850,4,100.9,9,79.55,92.85,578.4,363.1,34.3,21.3,21.5,360.8
2046000,5,96.1,7,61.89,92.11,3347.8,366.9,31.3,19.4,20.7,370.2
2051000,5,94.8,8,75.78,93.03,1127.7,356.1,29.6,19.2,16.2,324.2
2051500,5,94.6,6.8,67.27,92.37,441.5,355.9,31.1,20.4,18.5,352.9
2053800,4,104.2,12.4,52.18,75.61,52.2,363.9,42.2,29.2,30.9,425.1
2055100,4,110.1,9,70.65,82.61,448.4,364.6,33.9,22.6,22.4,357.9
2056900,4,101.7,8.2,52.65,77.7,123.7,359.6,36.8,24.4,25.4,398.3
2059500,4,105.5,8.2,59.85,88.14,164,359.3,34.8,23.2,23.2,376
2064000,4,98.9,9,69.83,90.49,450.5,373.8,34.3,22.8,20.9,367
2065500,4,100.4,8.4,69.61,92.74,652.5,371.7,32.3,21.1,18.2,344
2069700,3,105.4,7.5,57.06,79.84,86,424,48.2,35.3,34.5,521.5
2070000,3,105.3,8.4,63.86,90.04,118.7,424,42.2,28.4,29,461.4
2074500,3,108.2,7.3,65.83,93.72,190,422.4,35.3,23.1,19.7,385.4
2079640,5,93.7,6.5,77.26,92.04,357.1,319.9,31,20.7,17.5,346
2108000,5,107,2,38.59,97.65,355.4,432.2,27.7,21.9,22,401.7
2147500,5,94.7,2.4,57.22,90.35,344.1,425.5,26.5,17.1,15.8,354.7
2177000,3,126.2,5.8,49.24,87.54,20.6,1138.9,95.2,73.4,87.1,1125.3
2193340,5,95.6,2,63.89,92.87,289.8,436.1,33.5,21,13.4,391.5
2198100,3,87.9,0.2,40.03,94.35,160.8,329.2,23.2,16,13,290.4
2202600,6,93.2,0,29.64,95.09,230.8,299.1,22.4,16.2,12.6,278.2
2212600,5,91.7,1,58.15,90.51,256.8,416.1,35.1,21.1,11.6,392
2215100,5,90.3,0.1,42.84,95.35,254.7,382.2,26.2,16.2,8.2,305.3
2216180,7,91.5,0,34.56,93.63,215.5,335.2,24.5,15.5,9,289.2
2228500,7,99.4,0,22.7,99.28,1130.7,332.3,22,19.8,13.4,309.9
2231000,5,102.4,0,18.8,99.23,338.6,336.4,24.3,22.8,13.7,338.1
2231342,7,101.5,0,8.35,99.73,216.1,279.3,12,21.7,18.2,238.8
2235200,5,104.4,0,9.23,99.11,124.9,276.1,15.3,16.4,13.8,237
2236500,7,105,0,11.59,99.15,161.1,157,11.8,14.7,14.1,209.4
2245500,5,105.6,0,9.72,99.37,80,296,16.8,16.6,13.1,273.6
2296500,5,95.3,0,10.66,99.63,162.5,229.2,9.5,22.9,14.7,216.9
2297155,6,89.3,0,8.54,99.9,116.7,234.3,10.6,21.7,17.2,265
2297310,5,94.7,0,9.89,99.84,150.3,237.3,10.7,23.3,17.9,264.8
2298123,5,97.2,0,10.5,99.74,433,229.6,9,22.7,15.5,222.8
2298608,5,92.6,0,9.07,99.41,119.9,347.2,10.5,21.6,19.2,283.9
2299950,5,85.6,0,7.12,99.91,97.8,374.4,10,21,18.5,281.1
2300700,5,95.4,0,8.07,99.97,88.4,370.2,11,17.3,17.2,263.9
2310947,7,104.5,0,13.71,99.31,355,84.6,12.7,15,13.1,214.5
2312200,7,101.8,0,15.33,98.42,240.9,66.4,13.4,16.2,12.3,230.9
2314500,7,99.5,0,21.2,98.89,643.2,261,22.7,17.8,11.2,296.2
2315000,6,100.2,0,20.82,98.76,526.4,255.6,23.5,18.9,11.1,305.2
2315500,6,101,0,20.81,98.7,477.1,255.2,23.9,19.7,11.4,312.6
2315550,5,101,0,20.7,98.53,453.8,255.1,24,20,11.5,315.9
2321000,6,103.1,0,23.91,98.64,754.5,450.5,20.7,19.5,11.2,295.2
2324400,6,103.1,0,21.39,99.66,636.5,306.4,26.6,22.7,20.1,419
2326000,5,103.3,0,22.95,99.23,360.2,299.5,28.3,23.4,19.9,426.2
2327100,5,106.7,0,16.1,99.64,254.9,550.8,37.6,33.6,34.7,591.8
2331000,3,120,5.1,51.9,86.79,41.5,611.5,80.4,53.3,66.5,950.4
2349900,5,90.8,0,42.39,94.45,265,388.9,26.1,16,8.6,311.9
2350600,4,95.1,0,38.07,94.55,60.4,404.7,33.4,20.1,12.8,394.5
2350900,4,96.1,0,38.27,94.85,84,404.3,32.5,19.9,12,386.1
2361000,4,92.8,0,41.89,95.02,78.3,492.5,37.9,25.2,16.7,462.8
2362240,3,104,0,39.97,96.09,111,492.5,43.5,28.2,19.4,504.2
2363000,5,92,0.4,44.76,94.4,102.8,470.9,38.3,25.4,16.4,459.2
2364500,4,97.3,0.1,44.26,94.84,84.4,471.5,41.2,27.2,18.1,487.4
2367310,1,92.4,0,14.71,95.46,11.3,998.2,45.5,36.5,39.5,666.8
2369800,3,101.7,0,40.28,90.66,27.1,728.8,50.5,38.9,25.5,584.3
2370000,3,101.1,0,40.34,90.76,28.8,731.1,49.5,38.6,27.6,592.1
2371500,4,95.4,0.4,47.8,94.6,97.9,464.5,40.9,27.5,18,491.2
2372250,4,98.2,0.4,43.44,94.06,34.9,485.1,41.6,27.5,16.9,497.4
2373000,5,98.6,0,59.15,94.25,46.5,501.3,46.7,30.3,20.6,542.8
2374500,3,91,0,50.21,93.61,35.6,570.8,50.6,34.2,21.3,571.9
2381600,4,112.9,5,44.7,86.54,50.8,644,68.9,44.5,51.1,796.9
2384540,5,122.6,6,43.63,77.41,22.4,643,86,63.6,78.1,1040
2395120,3,93.8,3.5,62.02,76.39,328.7,581.4,47.6,27.6,20.4,521
2408540,4,100.8,1.9,50.37,84.12,80.9,576.5,52.5,33.8,25,603.4
2415000,4,102.9,2.1,53.74,85.98,91.6,533.8,55.1,35.6,26.8,623.5
2422500,3,87.9,1,52.68,91.83,129.7,497.7,48.9,29.4,17.6,543.3
2427250,4,94.4,0.1,64.89,93.49,60.2,492.3,45.1,28.4,19,519.4
2430085,4,98.5,3,54.14,93.33,284.5,586,64.6,36.5,25,620.9
2430880,3,102.7,2.7,53.89,93.21,148.8,585,66.8,38.1,29.7,635.4
2438000,4,102,4,49.86,83.91,54.5,624.6,68,39.9,34.8,676.3
2450250,5,105.7,4,51.91,81.56,38.5,637.4,62.5,37.8,33.2,657.4
2464000,5,101.6,2.8,50.98,77.09,166.5,663,58.7,34.2,27.5,619.8
2464146,4,104.2,2,44.05,77.17,111.4,664,54,31.3,24.7,572
2464360,3,99.9,2,54.3,90.91,129.1,661.5,53.6,31,21.8,557.6
2465493,1,99.6,1,54.75,91.31,61.3,652,51,29.7,19.1,553.2
2467500,3,97.4,1,65.51,95.46,505.3,527.1,54,31.8,19.5,543.9
2469800,4,99.8,0,53.89,92.79,28.1,552.5,49.4,31.4,21.2,556.1
2472000,3,94.7,0.8,65.83,96.12,549.1,564.8,56.5,33,25.5,571.7
2472500,1,98.8,0.1,57.7,95.33,284.3,565.7,58.2,34.2,24.7,580.2
2479155,4,104.3,0,45.56,96.76,82.8,663.3,55.2,35.5,25.7,610.7
2479300,3,106,0,53.66,96.01,308.1,666.3,55.9,36.3,30.8,640.2
2479560,4,103.7,0,51.18,94.46,105.4,713.3,57,36.6,31.7,642
2481000,5,107.6,0,57.64,95.21,255.2,712.6,58.1,37.6,35.1,673.7
2481510,4,105.8,0,55.35,95.26,252.7,711.5,56.6,36.3,29.7,634.1
2483500,4,91.1,1.1,69.49,94.86,469.6,537,56.3,31.1,23.5,560.9
3010655,4,147.1,27.9,44.83,63.05,48.5,638.8,81.7,56.4,43.5,464.7
3011800,4,159.1,28.9,48.43,69.45,34.1,641,108.5,73.9,54.8,599.6
3015500,4,161.5,24.7,51.39,68.74,150.8,641.8,75.7,52.1,56.9,556
3021350,5,161.9,25.8,49.37,64.59,297.8,667.7,80.9,53.2,63.1,581.9
3022540,4,155.1,24,56.61,74.47,199.8,669,78.4,54.3,55.3,562.3
3026500,5,161.2,29,48.4,69.37,26.8,676.1,111.9,75.9,56.9,620.5
3028000,4,161.2,29.1,48.12,68.37,27.3,675.6,113.4,75.4,55.9,613.1
3049000,5,132.3,20.2,49.15,62.23,99.9,501.6,52.6,34.1,28.3,405.5
3049800,5,134.9,16.4,55.34,67.91,55.8,497,40.9,24.2,16.8,324.8
3050000,5,163.1,24.1,46.3,62.02,16.8,727.3,111,77.5,61.5,819.1
3065000,5,163.2,24.3,45.93,61.09,43.7,886.8,103.8,70.4,56,740.2
3066000,5,163.9,25.4,49.85,65.83,281.3,887.6,106.9,70.3,53.1,709
3068800,5,169.8,25.4,44.91,61.81,19.3,884.3,114.5,78.1,60.2,795.6
3069500,5,164.9,24.5,45.84,61.63,62.2,887.5,106.1,72.2,56.6,754
3070500,5,152.9,22.5,51.52,66.93,74.7,889.5,85.1,55.8,46.7,631.7
3076600,5,155,27.1,46.45,64.08,18.1,672,108.7,67.9,50.6,659.1
3078000,5,143.6,25.3,46.52,64.84,35.7,670,88.1,53.4,41.1,556.4
3114500,5,143.7,15.6,65.82,76.16,250.3,517.1,53,35.6,27.4,462.8
3115400,5,127.9,16,71.85,80.62,490.5,516.6,46.5,30.8,19.7,385.6
3140000,5,116.9,18,65.62,79.2,201.7,370.8,42.6,28.2,13.9,303.3
3144000,5,116.6,18.1,57.9,71.73,166.8,398.8,46.2,30.4,17.5,343.3
3149500,5,120.7,16.2,63.27,73.56,1781.8,399,39.2,27.1,13.7,308.7
3159540,5,119.8,14,76.45,85.23,1236.3,386.2,37.8,23.7,12.2,317.8
3164000,3,118.3,13.3,51.41,83.38,21.8,522.3,60.8,44.9,50.6,636.1
3165000,3,104.3,11.7,50.68,76.27,28,521.1,47.1,32.4,35.7,492.8
3170000,3,104.8,12.3,50.66,78.22,32.8,518.7,45.7,31.7,34.7,468
3173000,4,112.8,13.5,50.07,67.51,45.7,432,39.6,26.5,19.7,366.2
3180500,5,156.9,25.3,40.96,57.75,19.6,529.3,98.6,63.8,52.6,676.5
3182500,5,143.5,23.3,41.86,59.67,18.5,525,79.3,51.1,43.2,588.1
3186500,5,153.8,24.3,49.3,63.75,17,769.6,119.8,83,70.5,921.6
3187500,5,153.2,22.6,46.83,62.17,19.8,769.9,107.6,75.7,69.1,893.2
3207965,5,119.3,9,45.44,66.04,5.4,452.6,42.5,26.2,17.8,385.8
3210000,5,121.8,9.1,45.36,66.21,5.4,430.4,44.9,27.8,20.9,419.2
3213700,4,129,11.8,40.7,58.22,9.7,436.5,45.7,28,22.5,424
3237280,6,117,13,54.43,63.85,28.7,446.1,42.3,25.2,11.8,356.9
3237500,5,120.3,13.5,78.32,88.51,548.8,445.7,45.8,26.4,14.9,366.7
3241500,5,114.1,16.8,69.19,89.59,2489.9,408.9,45,28.8,14.5,318.5
3250100,6,119.2,12.1,51.62,65.3,38.3,465.9,49.2,30,19.1,424.9
3272700,5,110.2,19,69.12,88.71,1089.7,354.7,56.5,34.8,18.6,355.3
3280700,5,118.6,9.8,51.23,67.17,11.9,519.4,53.2,34.2,32.8,536.4
3281100,5,116.8,10.3,59.33,72.32,17.3,532.9,56.3,36.1,35.2,560
3281500,5,117.4,10.7,54.26,69.26,18.5,531.8,53.8,34.2,30.9,527.3
3282500,5,117.4,10,61.56,75.07,28.4,507.5,46.6,28.9,22,455
3285000,6,107.1,10.5,76.31,84.71,233.6,522.7,53.8,34.2,27.4,510
3291780,6,112.6,14,77.51,91.04,376.7,434,53.1,32.5,20,413.6
3300400,6,105.7,10.5,79.93,85.48,744.1,519.6,51.5,32.2,22,470
3302680,5,114.5,15,79.18,86.6,185.5,489.5,54.2,32.9,22,431.8
3310400,4,104.7,10,66.34,88.59,156,594,54.4,33.5,27.7,524.8
3318800,6,106.7,11.8,67.66,81.01,179.2,545.2,59.6,34.6,31,546.3
3340800,5,108.1,16.8,73.55,94.07,653.5,366.5,48.9,32.6,21.8,340.6
3346000,6,101.1,14.1,84.97,96.91,1499.7,318.5,43.6,26.7,18.4,325
3357350,6,107.3,16,74.68,93.25,563.5,405,49.9,31.9,22.9,353.4
3364500,6,111.3,15.6,73.24,93.02,2688.2,388,54.9,33,20.9,379.6
3366500,5,111.2,14.1,77.52,92.72,1255,429,54.8,33.2,22.9,431
3368000,6,112,14.9,77.85,93.06,2853.9,429,57.1,34.6,23.1,428.8
3384450,6,101.9,9.8,83.92,93.68,157.2,385,51.3,30.3,22,440.8
3403910,5,116.3,11.4,47.93,63.45,12.6,628,62.4,41.8,42.1,644.5
3408500,5,123.9,11.4,47.38,63.56,10.7,703.9,70,52.4,53.9,773.6
3409500,5,127.1,9.8,57.3,79.21,48.2,705,61.7,41.8,42.4,663
3410500,5,124,10.4,53.34,73.15,27.6,704.5,63.8,45.5,46,694.3
3413200,4,118.7,9,64.35,81.14,21.4,629.4,57.1,38.2,36,603.4
3415000,4,117,8.7,61.68,80.66,30.2,680.8,64.6,43.3,45.5,706.4
3416000,4,124.1,8.6,64.86,82.57,30.3,683.8,57.3,39.5,39.9,628.3
3427500,5,112.4,6,72.31,82.54,313.3,631.2,60.1,37.7,36.1,623.6
3431800,4,109,8.2,57.69,68.06,125.4,568.5,55.1,34,23.8,525.2
3436690,4,103.7,7.3,61.48,69.52,165.2,553,56.8,35.2,28.3,553.7
3465500,3,130,12.1,47.63,84.17,12.4,623.4,65,48.3,52.6,700.8
3471500,3,133.6,14.5,46.11,65.08,26.4,506,64.5,46.4,42.6,623.2
3473000,3,129.1,13.8,50.47,75.59,24.1,505.5,64.4,46.3,44.2,641.8
3488000,4,129.1,14.1,51.68,68.38,31,493,50,32.6,26.6,463.2
3491000,4,113.3,10.4,56.39,72.29,80,427.1,44.7,25.1,17.3,429.5
3497300,3,140.3,12.2,49.17,83.27,2.5,673.4,104.9,92.2,84,1169.5
3498500,3,128.9,9.1,52.54,80.42,43.5,672.3,76.6,60.6,55.3,849.7
3518500,3,131.9,9.7,46.42,81.25,10,618.6,92.2,69.9,73.9,1036.9
3535000,4,118.6,8.3,59.71,73.59,97.4,648.1,51.5,31.5,25.9,532.3
3574500,5,111.1,4.9,63.32,82.36,32.6,688.3,66.3,40.3,42.7,731.6
3578000,5,117.5,7.2,62.58,83.76,152.4,670.5,72.7,45.7,53.7,784.6
3588500,3,108.3,5.1,57.56,67.97,143.1,655,65.3,38.2,36.3,663.1
3604000,3,107.6,5.8,56.37,66.97,118.7,659.7,67.1,39.4,35.6,655.6
4015330,3,103.8,22.2,64.9,88.68,476,388.7,53.4,39.6,20.2,279.5
4024430,3,106.6,20.3,49.51,91.75,320.7,384.3,45.5,34.9,17.6,251.8
4027000,3,128.2,24,47.77,86,236.1,351.6,67.8,44.5,27.5,330.9
4031000,3,133.3,27.2,43.99,83.28,263.9,362.3,84.6,56.8,30.1,380
4033000,1,128.4,25.8,37.04,81.69,282.3,349.8,66.7,46.6,25.5,310.2
4040500,3,144.7,30.4,41.09,79.77,268.3,407.1,82.5,55.6,31.2,360.9
4043050,1,153,36.3,28.31,83.2,111.3,410,82.8,50.4,17.7,277.7
4045500,1,138.7,32.4,24.86,88.42,279.7,399.5,73.2,42.8,31.8,305.2
4046000,1,135.6,30.4,18.82,89.17,154.6,405.2,66,37,33.9,290.8
4056500,1,135.1,31.1,19.15,86.47,215.2,452.7,64.4,37.6,28.3,277.3
4057510,1,127.7,30.4,15.88,87.1,175.1,362.9,63.8,38.5,29.6,284.9
4057800,3,144,31.3,40.29,78.78,132.3,324.3,79.7,55.1,26.2,337.9
4059500,3,123.3,25.7,43.83,83.52,254.3,294.9,52.6,33.9,22.5,251
4063700,3,115.5,24,32.94,74.14,173.2,283.1,53.5,35.5,22.1,266
4066500,1,106.3,23.5,19.1,79.22,63.2,282.3,49,32.1,18.7,235.5
4074950,1,111.2,22.7,31.9,74.21,124.6,293.1,52.1,35.4,22.9,276
4085200,3,102.6,22.8,66.72,88.55,603.6,237.2,38.1,26.4,13.4,200.3
4105700,1,127.5,20,29.76,77.73,92.6,357.6,39.9,25.2,23.1,275
4115265,1,114.2,22,27.37,77.89,140.6,267.6,34.9,20.8,14.6,205.3
4117000,3,121.1,21,56.89,89.13,254.2,334.1,37.7,22.7,18.6,244
4122200,1,123.4,26,26.59,90.21,92.7,397.6,48,28.7,24.2,278.4
4122500,1,124.2,26.1,21.47,90.33,89.3,398.8,50.6,31.3,26.5,284.4
4124000,1,134.9,27.2,15.05,88.76,56.2,429.9,53.9,32.8,26.6,274.6
4124500,3,125.4,26.6,30.69,87.25,94.4,427.5,53.5,33.1,25.2,273.4
4125460,1,127,26.4,22.46,88.3,57,429.6,52.4,32.2,26.1,274.1
4127997,1,140.4,29.3,21.87,89.1,29.7,394.5,64.2,37,28.2,294.7
4136000,1,131.4,27,12.93,89.95,81.6,280.9,49,28.9,20.2,236
4185000,5,112.8,21.2,70.17,92.24,3936.7,310.6,36.7,23.1,13.5,243.2
4185440,5,107.2,20,78.29,92.14,702.3,311,38,23,12,239.6
4196800,6,114.9,18.8,82.21,93.88,8189.6,321.3,33.8,20.7,11.9,225.4
4197100,5,121.8,20,78.99,91.94,1872.5,322.3,44.7,28.9,17.5,305.5
4197170,4,121.8,20,77.43,91.99,1030.3,322.3,37.6,24.2,13.6,264.5
4199155,6,121.4,19,67.7,87.69,1083.6,339,43.6,27.9,17.1,302.8
4213000,5,146.5,23,67.94,82.04,464.1,597.1,66.2,43.1,50.5,497.7
4213075,4,150.7,22.1,78.61,89.26,473.6,597,63.1,41.9,51.3,512.4
4216418,4,153,29.5,51.32,65.9,107.5,305.2,97.1,62.2,52.5,526.2
4221000,4,138.9,27.5,41,57.57,97.6,438.2,73.6,51.8,38.6,415.5
4224775,4,138.8,25.3,48.23,62.14,83.3,437.2,55.1,37.4,28.1,327.6
4256000,3,165.3,37.2,32.01,72.48,166.4,873,151.1,115,68.9,695.1
4268800,3,155.3,35.1,36.03,74.25,85,646.4,129.4,81.1,54.4,549.6
4273700,3,117.5,28.9,30.06,71.89,64.6,579.5,60.5,36.6,25.6,290.7
4278300,3,121,32.7,39.39,74.38,37.6,559.7,115.9,68.2,46.7,500.4
4280350,3,129.2,32.3,42.82,64.78,50.1,559,144.6,100.3,67.9,702.9
4296000,3,153.5,34.8,43.12,78.01,63.2,622.3,129.9,91.9,52.3,559.8
5056000,6,70.4,17.3,61.67,91.97,868.6,12.2,3.3,4.8,0,20.3
5056100,7,76.1,18.6,64.56,89.74,1751.5,15.5,4.3,5.6,0,24.1
5057000,6,70.7,17.4,61.1,92.23,798.5,12.3,4,5.1,0.3,23.4
5057200,6,76.3,17.2,60.81,90.57,1303.5,14.1,4.4,5.7,0.5,28.3
5060000,6,70.7,15.2,70.59,95.11,2757.4,28.6,5.6,6.8,0.1,31.1
5062500,5,89.3,18.2,56.98,91.47,442.9,81.2,17.8,17.7,2.8,89.4
5087500,6,83.9,17,46.03,92.01,794.5,64.7,8.1,7.2,0.6,37.5
5120500,6,71.8,17,60.17,93.95,1159.8,10,3.1,4.2,0,18.7
5129115,3,109.8,21,32.42,67.79,143.9,247.9,36.1,26.4,11.8,188.1
5131500,3,106.2,20.6,53.68,88.88,454.4,228.6,30.8,22.8,9,157
5132000,3,102.9,19.3,56.25,89.75,545.8,191.1,27.2,20,7.9,138.6
5212700,3,106.2,20.1,44.41,90.92,297.2,211.6,31.9,24.1,9,164.4
5290000,6,71,16.2,71.12,94.05,1086.1,47.8,11.8,9.9,1,50.5
5291000,6,72,16,70.02,93.4,1082,48.8,12.2,11,1,56.1
5293000,6,75.7,15.9,69.29,92.97,1127.5,49,12.5,12.2,1.4,61.9
5317200,6,88.5,15.9,54.23,91.94,400.7,147.3,21.1,16.9,5.3,111.1
5362000,3,108.3,20.3,49.31,79.11,215.7,323.5,46.7,34.6,21.9,264.9
5387500,5,90.7,17.7,70.65,93.15,197.9,287.2,43.7,35.4,15.4,252
5389000,5,86.8,16.5,88.21,95.61,216.6,292.8,39.3,31,14.9,226.2
5393500,3,109.3,21.9,40.51,76.91,141.3,309.5,52.3,38.1,22,277.3
5399500,3,109.6,19.8,64.48,89.25,379.9,274.5,47.2,36.4,20.9,260.9
5408000,3,95.7,17.1,71.67,89.37,74.6,272.6,41.8,32.1,18.3,252.4
5412500,5,91,17.2,73.71,94.3,171,277.1,43.2,33.3,15.5,247.6
5413500,5,94.5,16.7,91.53,97.21,89.8,246.2,36,28.7,14.7,212.4
5414000,5,102.6,16.9,90.69,97.04,107.3,246.2,38.6,32.2,16.2,240.2
5444000,5,99.8,18,95.92,99.33,263.4,300,45,32.4,19.9,275.8
5454000,7,96.6,14.7,92.2,99.44,119.6,269.4,37.6,27.6,17,239.1
5458000,5,92.4,16.5,58.33,90.77,323.1,269.1,39.5,32.1,12.6,219.1
5466500,6,98.5,15.7,90.84,98.4,417.2,277.8,36.4,26.5,16,245.9
5467000,6,96.9,15.4,94.08,98.95,539.6,278,34.7,24.6,15,234.1
5487980,6,88.1,12.8,84.45,96.28,491.7,226.4,38.1,27.6,14.8,234
5488200,6,90.6,13,87.1,96.59,516.7,241.5,36.7,26.2,14,220.4
5489000,6,92.3,12.8,82.92,95.73,515.1,242.1,37.5,26.3,15,230.1
5494300,6,93.6,12,80.12,94.58,820.4,278.4,34.7,23.9,15.3,225
5495000,6,93.8,12.7,77.07,93.15,620,279.3,37.8,25.2,17.1,243.6
5495500,6,92.5,12.8,93.28,98.51,721.1,279.7,38.3,25.1,16.2,245.2
5500000,6,89.6,12.2,73.26,91.51,791.1,269.2,36.8,23.6,17.4,240.9
5501000,6,89.3,11.5,79.98,92.83,1059.7,274.8,36.3,23.5,16.9,249.8
5503800,7,89,11,80.8,94.19,1950.1,280,35.5,23.8,17,253.9
5507600,7,92.5,11.6,88.07,97.38,2228.3,260.4,34.5,23.4,16.9,249.2
5508805,6,90.8,11.9,84.93,95.25,1571.6,259.3,36.6,24.4,17,258.3
5514500,6,89,11.8,79.59,92.54,1243.5,277.2,34.5,24.3,15.2,252.6
5525500,5,105.5,17,77.79,94.17,1310.7,339.9,40.3,26.2,15,267.3
5556500,6,95.2,17.3,91.69,98.37,430.8,296.6,39.1,27.2,16.3,243.7
5584500,6,91.7,14,94.27,98.97,728.4,262.3,38.4,26.1,16.3,252.6
5585000,6,89.7,13.8,93.58,98.72,620.4,262.2,39.8,26.6,16.6,258.4
5591550,6,100.2,14.2,83.84,96.64,900.3,302.7,39.7,26.8,17.5,292.5
5592050,6,98.1,14,87.56,97.4,1085.5,299.9,38,26.4,14.2,272.3
5592575,6,99.5,13.8,86.17,97.33,1523.6,310.6,42.2,28,16.1,310.8
5593575,6,95.6,11,88.99,98.17,1910.7,310.3,37.2,24.2,15.3,288.3
5593900,6,95.6,13.8,93.84,99.45,1452.4,268.5,41,28.2,14,283.2
5595730,6,97.3,11.8,86.06,97.01,1187,326.8,42.5,26.2,19.2,337.7
6037500,1,143.1,65.8,31,60.84,52.8,303.2,56.8,117.4,21.4,535.8
6043500,2,125.1,57.9,33.75,51.86,19.9,230.6,74,124.9,23.5,579.8
6073500,2,93,34.4,42.72,58.99,95.9,106.3,38.8,38,3.4,154.2
6188000,2,129.9,59.9,22.18,40.95,20,459.5,55.5,103.4,17.6,457.8
6191500,2,127.8,61.7,24.57,45.14,27.1,461.4,49,96.8,17.9,446.6
6209500,2,104.2,60.2,19.77,44,6.6,186,45.8,97.5,18.8,461.8
6218500,2,101.4,62.1,37.4,59.2,57.6,98.9,27.3,57.8,11,273.8
6221400,2,84.3,64.1,32.7,58.39,10,96.4,20.6,69.1,19,369.8
6224000,2,81.4,62.1,32.97,58.25,14.4,96.4,29.5,74.1,18,372.3
6228350,2,77.7,61.2,32.86,58.32,15,212.4,33.5,73.8,15.3,360.4
6278300,2,103,66.6,21.22,43.77,19.1,110.7,23.5,95.8,21.1,512.3
6280300,2,96.7,60.3,15.92,32.79,5.8,245.7,22.8,64.5,14.3,336.8
6289000,2,95.3,52.7,52.61,76.49,44.1,78.2,53.9,83.6,6.4,276.1
6311000,2,90.2,51.1,21.79,52.12,16.4,134.8,53.9,75.6,3.9,226.8
6332515,6,65.9,16.3,76.35,97.03,388.1,14.1,3,4,0,16
6339100,6,70.5,16.1,71.65,97.42,284.4,23.9,3,4,0,16.3
6339500,6,76.1,16.1,73.8,96.98,416.5,24,3.9,4.8,0,19
6344600,6,74.1,16.9,73.38,97.97,299.9,26.7,3.2,4.3,0,16.9
6347000,6,68.4,16.5,63.02,96.43,511.3,23.2,4.9,5.1,0,21.7
6347500,6,73.9,16.2,72.59,95.16,224.8,23,4,5,0,20.9
6350000,6,70.5,16.1,72.89,97.49,724.7,24.9,4.5,5.1,0,19.3
6352000,6,66.8,14.9,69.71,96.76,575.1,18.1,4.1,5,0,18.6
6353000,7,65.8,15.3,68.68,96.48,554.4,18,4.2,4.8,0,19.2
6354000,6,66.9,15.7,68.31,96.7,518.4,20.8,4.3,4.7,0,19.4
6360500,7,64.9,15.3,67.08,96.3,997.3,21.3,4.6,4.6,0,20
6392900,3,104.8,34.5,65.43,79.45,73.7,13.1,66,58.9,5.3,224.7
6404000,6,80,13.3,37.17,53.4,78.5,34,12.7,13.9,0.9,52.6
6406000,7,76.4,13,46.37,63.25,353.4,34,8.9,9.8,0.6,37.8
6408700,3,104.9,34.2,65.43,79.45,59.3,54,67.7,60.2,5.2,230.2
6409000,3,97.5,30.2,60.65,74.74,100.6,53.6,55,49.6,4.6,194.7
6429500,3,106.8,35,65.43,79.45,106.3,50.6,66.4,58.5,5.7,225.7
6430850,1,103.3,29.5,56.92,72.5,50.6,51,63.3,49.5,5.9,220
6431500,3,105,28.8,58.59,73.74,65.1,51.2,61.2,48.3,5.6,217.3
6441500,7,65.1,12.4,85.6,96.25,2383.9,21,4.1,4.2,0,20.4
6447000,6,67,12,70.9,93.78,2615.1,11.7,4.3,4.6,0,21
6447500,3,65.8,11.6,53.29,95.73,429.4,35.3,4.2,5.1,0,22.1
6450500,3,67.2,11.8,46.99,95.78,316.3,33.7,5,5.5,0,24.7
6452000,5,67,12,69.84,94.53,1848.8,21.1,4.9,5.1,0.1,23.9
6453600,7,71.4,12.2,67.76,95.71,585.7,39.3,13.7,11.3,1.1,59.6
6464500,5,70.4,11.7,39.47,96.64,161.2,32.7,7.8,6.9,0.5,33.8
6466500,5,75.4,12.8,75.93,98.17,226,52.1,14.6,11.7,2,70.7
6468170,7,67.3,17.5,64.2,93.26,983.1,16.8,3.8,5,0,21.6
6468250,7,68.4,17.5,62.47,93.25,909.4,16.8,3.9,5.1,0.1,22.1
6470800,7,69.7,15.8,66.45,91.27,2307.1,15,5.2,7.4,0.8,33.3
6477500,7,68.4,13.1,71.83,95.39,1221,24.3,10.1,8.5,1,42.8
6479215,6,74,15.5,63.72,88.38,526.5,20.2,12.5,11.1,1,57
6479438,6,76.2,15.7,73.31,92.84,849.3,20.4,11.9,10.9,1,53.2
6479500,7,77.3,15.6,74.95,93.5,816.9,20.2,12.3,11.2,1.2,54.5
6601000,7,76.8,12.5,95.17,98.92,171.3,135.4,19.5,16.4,3.4,97.7
6614800,2,142.9,67,22.59,49.85,2,108.1,43,93,25,553
6622700,2,109.7,64.4,24.76,51.15,29.3,317.4,86.4,127.9,25.7,619.7
6623800,2,129.8,71.1,26.77,54.76,8.4,322.3,81.3,123,43.4,809
6632400,2,106.6,64.5,28.3,53.76,30.4,71.4,65.5,106.2,16.9,474.9
6746095,2,143.3,67,23.72,55.07,6,55.9,56.9,107.9,36.9,728.4
6775500,1,65.4,11.5,13.57,99.38,43.9,78,5.3,5.4,0.4,25.9
6784000,3,66.1,10.4,72.5,99.74,240.1,23.4,9,9.4,0.9,44
6803510,5,65.1,10,88.56,98.13,579.7,133,21.1,17.7,3.8,105.7
6803530,5,67,10.7,93.04,99.12,455.2,133,20.8,17,3.4,103.3
6814000,7,74.2,8.9,81.41,96.61,813.6,171.4,21.9,18.9,8.2,149.8
6847000,7,60.8,8.5,89.87,99.32,581,8.6,5.1,4.3,0.9,24.6
6847900,7,60.7,8,92.38,99.85,505.9,2.1,5.2,4.9,1,29
6853800,7,67.7,9.2,89.05,98.8,341.8,32,13.2,11.3,2.7,73.6
6876700,7,60.9,7.9,83.55,96.36,362.7,72.4,13.2,11.1,3.1,77.8
6878000,6,70.6,7.2,83.03,97.7,591,125.9,17.8,14.7,4.7,105.2
6885500,6,74,8.1,83.28,97.55,1156.7,169.4,24.9,22.9,9.6,161.3
6888000,6,74.5,8,81.93,95.23,742.6,234.4,26.8,25.9,11.5,177.1
6888500,6,79.6,7.8,78.64,87.17,511.3,234.9,27.4,24.2,11.8,177.5
6889200,6,78,8,82.54,96.27,829.3,234.9,26.3,26,13.5,184.5
6889500,6,79,8,82.82,96.61,885.4,234.9,26,25.3,13.8,183.6
6892000,6,81.2,8,83.87,96.7,1218.2,231.2,26.4,25.2,15.7,205.1
6895000,6,86.5,10,84.77,93.41,840,350.6,34.4,28.2,18.5,255.5
6899700,6,86.1,10.4,84.84,95.29,1158.6,235.2,33.9,26.5,17.3,238.1
6903400,6,90.2,12,84.85,96.44,795.3,266.2,36.8,26,15,231.1
6906800,6,91.5,9.2,72.95,81.94,685.4,316.7,42.4,32.7,24.2,314.4
6909500,7,92.2,11,73.54,91.5,590.1,343.6,32.9,23.7,16.5,243.9
6910800,7,77.2,7.5,84.23,92.52,1289.6,236.8,29.4,26.5,14.2,197.5
6911900,7,83.3,7.6,85.86,94.62,1211.8,237,29.4,27.3,14.3,197.7
6917000,7,79.2,6.7,84.15,94.57,654.3,316.1,34,29.3,21.7,265.2
6918460,5,91.2,7.4,46.05,57.22,228.4,328.2,37.6,29,29.1,318.5
6919500,6,86.6,7.6,61.89,80.19,335.3,328.2,39,30.8,28.7,324.8
6921070,6,91.3,8.2,47.9,59.58,210.8,329.3,40.1,28.9,29.1,333.4
6921200,6,92.4,8,57.39,68.15,271.3,333.1,40.1,28.6,28,326.6
6927000,6,94.2,10.1,65.53,77.23,240.2,621.4,42,30.8,23.3,323.5
6928000,5,91.5,9.7,43.6,53.6,148.2,351.9,44.2,29.9,29.6,358
6930000,4,87,10.2,48.1,58.66,148.4,366.2,46.7,29.2,29.1,368.5
6934000,4,92.7,9.8,45.35,56.13,146.9,348.9,44.3,29.6,27.8,352.3
7014500,4,85.4,10.2,40.17,53.73,181,323.5,43,28.6,24.8,349.7
7030500,1,94.8,4.3,75.08,97.51,277.6,507.5,62.6,36.4,29.7,589.4
7049000,5,84.7,5.5,42.91,62.9,68.1,447,54.8,37.9,37.7,441.8
7056000,5,85,6.5,44.03,64.56,40.1,448.2,56.8,36.4,37.9,451.9
7057500,1,79.1,8.9,47.84,59.45,149.1,439.6,45.7,27.5,27.8,369.9
7058000,4,78.6,8,38.72,52.09,87.6,439.1,41.8,25.8,28.6,346.7
7060710,4,91.6,7,41.09,57.75,35.6,448,46.1,27.3,32.4,404.9
7066000,4,79.6,9.1,48.45,59.11,122.2,504.7,47,27.5,28.6,374.7
7067000,4,78.8,9.5,47.48,58.41,107.2,506.3,46.3,27.9,29.2,379.2
7068000,1,80.3,9.5,48.29,59.18,115.3,506.3,46.7,27.7,29.1,386.9
7071500,4,83.5,9,56.13,66.82,173.6,373.6,48,27.4,31.7,403.8
7072000,4,83.9,8.9,59.03,69.65,182.2,373.3,47.9,27,31.6,409
7075000,6,87.1,6.3,48.4,70.71,82.7,514.3,58.7,33.8,39.9,496.9
7083000,2,116.7,66.5,25.51,50.53,4.5,118.5,11,48.2,21.1,389.4
7142300,7,62.9,6.1,53.07,98.12,483.3,17.7,6.4,6.5,1.7,41.9
7144780,5,65,6.1,44.02,96.64,356.9,67.7,9.7,9.1,2.4,59.8
7145700,6,65.3,5.9,80.29,98.69,1741.2,163.8,19.3,20.2,7.2,121.4
7148400,6,57.8,5.6,64.69,95.09,407.5,45.1,8.9,8.2,2.1,48.5
7149000,5,61.4,5.9,63.45,94.48,284.6,64.9,9.4,8.8,2.3,55
7151500,6,62.8,5.5,55.06,95.08,781.7,131.4,15.1,14.3,4.5,88.7
7167500,7,76.8,6,84.73,93.18,925.1,237.2,26.1,25.8,15.5,186.8
7180500,6,69.2,7,81.4,89.99,1424.7,162,20.1,22.8,10.4,141.6
7184000,7,79.8,5.9,84.94,96.19,776.1,338.1,39.6,34,27.7,305.9
7195800,5,91.8,5.8,36.31,46.16,205.9,376.5,48.3,37,31.8,387
7196900,6,88.2,5.2,46.48,70.05,133.3,378.8,60.2,41.9,42.2,476.3
7197000,5,86.8,4.8,39.89,53.67,189.9,379.3,52.5,37.4,35.6,412.3
7208500,3,82.7,21.8,46.72,67.71,226.5,9.3,23,17.1,10,157.6
7249985,6,85.1,4.5,46.06,69.36,82.8,489.3,55.7,36.4,38.9,434
7252000,6,83.5,4.7,46.27,70.06,29.6,524.4,63.4,40.2,44.8,511.7
7257006,5,80.8,5.5,46.26,70.14,24.8,533.2,60.3,37.3,39.2,484.8
7260000,6,88,3.7,56.97,74.98,136.2,396.9,60.4,36.9,34,485.6
7261000,6,88,5.3,46.91,71.31,282,557.5,55.9,32.5,35.1,492.4
7263295,6,94.6,3,54.11,68.5,107.7,470.8,60,36.7,33.3,514.3
7290650,5,95.8,0.8,77.05,95.75,259.6,506.7,58.2,34.1,21.5,552.3
7291000,3,97.3,0,66.37,91.4,179.9,565.2,58.3,35.3,21.2,558.9
7292500,3,99.2,0,67,92.45,176.3,566.1,58.7,36.1,23.8,584.6
7295000,3,101.5,0,72.95,94.34,212,633.6,64.6,40.3,29.7,657.9
7301500,7,57.7,3.4,56.6,96.2,1337,16.5,7.5,6.2,1.6,39.3
7311900,6,53.2,1.8,70.99,94.58,762.4,22.5,5.9,4.7,2,37.7
7315700,7,65.6,2,69.13,97.5,508.8,133.3,22.9,14.2,7.5,125.4
7335700,6,101,4,56.17,71.36,89,488.3,85,56.5,60,698.4
7340300,4,98.3,3.8,49.98,58.97,83.6,604.6,84.4,56,58.9,710
7351500,7,88.7,1,66.85,96.66,576.7,787.4,44.5,29,21.8,425.1
7359610,4,95.9,4.1,50.95,62.48,158.6,635.3,76.6,49,48.1,642.6
7362100,6,93.1,1.6,63.17,93.69,655.4,412.2,49.4,31.6,27.3,482.5
7362500,7,93.5,2,69.63,95.67,825,415.6,55.3,31.1,26.8,510.7
7362587,6,100,3,56,70.5,87.9,432.6,66.2,41.1,40.6,577.9
7366200,6,94.5,1,61.56,94.08,664.9,384.2,53.3,33.2,26.2,500.3
7373000,3,97.9,0,62.16,95.41,388.2,478,57,34.5,24,544.5
7375000,1,102.3,0,59.87,96.08,404.7,533.3,60.7,37.4,32.4,639.2
7375800,1,101.9,0,63.42,95.35,274.2,563.1,60.3,37.9,29.4,637
7376000,1,106.2,0,64.68,96.69,466.9,562.3,61.7,38.9,33.4,660.2
7376500,4,104.3,0,64.66,96.19,786.8,563.3,61.2,38.6,33.4,660
7377000,1,103.5,0,71.08,95.27,370.7,639.3,60,38.6,28,630.5
8013000,5,93.9,0,70.76,97.87,444,545.4,52.3,32.5,29.3,541.7
8014500,3,98.6,0,69.69,98.52,607.5,587.5,54,34.9,33.2,570.5
8023080,7,86.4,1,71.2,97.84,859.9,378.7,46.2,29,23.4,438.2
8023400,7,85.9,1,65.63,94.8,912.3,379.4,48.3,30.7,21.9,445.4
8025500,5,86.6,0,72.46,97.66,325.8,453.4,48,30.5,22.6,469.4
8070200,5,92.1,0,57.22,94.94,331.1,292.8,31.3,26.2,24.8,346
8164300,1,76.4,0,66.51,95.19,512.6,231.8,20.5,15.5,13.9,172.9
8267500,2,87.5,38.9,42.7,57.41,3.8,105,61.9,60.8,16,349
8269000,2,84.3,30.5,41.71,58.62,8.5,102.8,26.2,14.7,5.4,122.4
8271000,2,92,34.6,39.3,57.57,5.4,105,47.5,35.8,10.1,228.9
8302500,6,70.7,27.2,47.55,69.17,15.7,102.3,27.6,22.5,13,198.4
8324000,3,79.7,29.1,35.7,61.79,49.6,23.3,26.4,16.2,10.6,158.2
8377900,3,96.1,31.6,41.55,62.94,18.8,14.1,69.4,66.6,30.5,524
8378500,3,89.7,32.7,42.6,66.79,18.6,14.6,59.5,57,26,439.8
8380500,5,80.7,19.2,54.29,74.54,103.5,14.1,21,15.4,11.2,179.4
9034900,2,145.5,65.2,22.59,49.85,2,145.1,28.1,85.1,16.1,422.9
9035900,2,128.1,61.4,23.29,52.74,3.7,151.3,39.7,84.5,10.8,344
9047700,2,123.7,60.6,23.72,55.06,4.2,257,46.9,85.4,10.3,344.9
9058500,2,121.9,64.8,23.5,54.03,4.8,155.2,57.6,107.5,20.3,526.1
9065500,2,125.5,61.6,23.92,54.05,2.4,215.1,47.6,92.5,10.5,357.6
9066000,2,129.2,64.8,30.69,60.68,7.9,217.3,43.5,95.4,13.3,413
9066200,2,122.2,61.5,23.77,55.3,3.2,212.2,59.4,101.6,12.2,399
9066300,2,120.9,61.1,24.14,56.99,5.1,214,80.4,120.8,16.3,490.6
9081600,2,121.5,58.4,36.04,58.43,16.5,297.4,78.3,106.7,27.9,560
9107000,2,105.6,61.6,25.33,57.84,12.9,314.1,24.8,59.5,10.2,268
9196500,2,94.4,68.3,31.85,59.23,17.7,215.3,23.8,77.7,22.5,425.3
9210500,2,86.1,57.6,47.31,66.77,37.9,319.1,37.8,47,3.1,166.1
9217900,2,98.6,63.6,41.49,67.63,36,227.6,51,101.1,22.2,511.5
9223000,2,99.3,64.9,49.84,68.9,77.8,232.6,59.8,84.4,7.7,323.9
9306242,6,77.4,25.5,40.02,61.6,30.6,17.8,7.9,4.3,1.1,39.5
9312600,3,84.1,55.2,56.85,82.8,27.1,49.1,58.5,54,4.6,204.5
9329050,2,100.7,61.7,41.95,55.16,26.8,23.5,74.2,96.1,17.9,437.9
9352900,2,123.4,55.1,30.65,54.54,10.2,180.7,63.6,91.4,34.7,553.5
9378170,7,82.3,36,37.85,61.66,35.2,3.1,19.7,11.5,4.4,105.2
9378630,6,83.8,36,36.71,62.12,21.9,35.7,18.6,9.9,3.9,101.2
9386900,7,72.8,33.2,38.32,60.33,359,3.3,12,6.2,1.8,61.1
9404450,3,64.1,37.5,53.01,73.19,85,37.8,13.2,6.9,1.6,63.5
9430500,3,69.2,13,40.49,63.26,290,39.8,3.2,2.3,3.5,65.3
9430600,7,72,14,42.7,65.34,14.2,40,7.6,4.6,7.8,131.8
9444200,5,73.3,17.5,39.97,64.57,35.1,33.9,4.3,2.7,4.7,78.7
9447800,5,62.7,8,47.58,64,641.2,41,1,1,1,25.1
9470800,7,69.7,3.9,47.89,69.9,28.8,9,4.4,2.9,7.1,144.3
9484000,7,71.1,3.1,39.85,64.69,15.1,12.1,6.3,3.3,5.9,133.6
9484600,6,60.4,0.6,41,64.5,598.6,11.9,0.8,1.2,1.9,39.3
9492400,3,88.9,38.7,45.57,66.62,7,119,45.8,36.9,27.5,380
9494000,5,81.3,29.5,52.29,72,283,118,30,24.8,17.3,255.5
9497800,3,71.3,12.1,49.59,69.17,44.9,55.9,4.3,2.3,2.5,77.4
9497980,3,69.3,9.8,38.23,69.63,23.9,56.4,7.3,3.8,3.7,120.5
9498503,7,71.8,8,40.49,71.71,11,56,16,8,12,281
9505200,1,69.6,27.6,53.62,75.79,391.8,97.2,19.2,9.8,4.3,162.7
9505800,1,71.5,25.2,45.71,67.87,381.8,81.4,16.8,8.2,4.9,175.9
9508300,7,60.5,8.4,35.27,58.73,13.2,82,6.8,3.3,3.3,110.1
9510200,7,50,2.1,31.51,68.44,18.1,81.8,7.2,3.8,5.2,135.5
9512280,7,53.2,0.5,36.63,75.77,13.5,18.3,4.1,2.3,2.5,80.5
10023000,6,86.4,53.1,44.85,62.71,55.9,69.5,57.4,46.6,3.3,181.7
10166430,6,94.9,35.6,41.56,57.65,14.1,115.2,53.4,34.3,5.4,230.6
10172700,5,80.6,40,26.94,45.2,19.2,42.4,27.3,14.5,1.9,132.5
10172800,2,108.6,39.5,26.57,45.28,6,44,49.1,29,4,220.7
10172870,2,66.4,28.3,26.58,45.28,28.2,48,6.7,4.3,0.8,31.6
10173450,3,80.9,53.1,40.94,66.15,74.4,38.9,44.4,53.7,11.2,254.8
10205030,2,89.6,50.7,48.12,73.07,24.4,67.9,60.1,48.5,5,234
10234500,2,90.9,56.6,32.98,52.41,27,30.5,53.1,72.8,10.6,321.1
10242000,2,74.5,54.5,54.44,71.43,76.5,30.2,53.1,62.2,10,273.7
10243260,2,86.4,44.2,28.56,44.15,16.8,47.9,45.6,36.6,3.1,177
10243700,2,78.6,43.5,28.82,44.16,11.3,42,31.9,31.4,2.4,134.7
10244950,3,79.5,54.1,28.77,44.3,16.9,42,57.2,49.7,3.3,216.9
10249300,3,59.5,55.3,35.57,55.45,8.4,41.4,46.3,41.1,3.5,211.1
10258000,7,46.6,10.2,18.86,55.91,2.1,8.1,10.9,5.6,5.3,173.7
10259000,5,32.1,3.7,20.48,50.79,2.8,8,4.6,2,2.8,77.6
10263500,5,40,24.1,22.31,47.25,1.3,81.5,37,18.3,11.8,452.3
10291500,2,82.6,72.9,17.12,54.09,3.7,254.5,68.6,86.4,29.5,523.9
10310500,4,66.4,45.5,13.84,65.14,96.8,308.4,30,20.7,5.1,196.1
10316500,2,98.4,55.4,35.71,54.81,9,73.7,75.7,70.4,6.8,305.5
10329500,4,75.7,41.9,36.41,52.76,106.9,17.1,30.7,20.8,1.9,154.1
10336645,4,91.1,57.6,17.48,54.4,14.5,546.5,114.5,101.8,48.3,864.9
10336660,2,97,59.2,21.78,51.12,21.3,547.6,103.5,92.1,37.4,720.1
10343500,4,84.2,65.3,29.77,53.91,38.5,299,94.8,100.1,34.9,679.4
10396000,2,88.9,45.2,51.7,68.84,127.8,179.9,62.7,50.4,8.6,335.2
11046300,7,34.3,0,45.95,87.07,19.6,84.2,6.6,3.1,2.2,97.4
11058600,6,46.6,3.3,27.69,61.15,2,25.7,27.4,13.3,7.5,370.2
11098000,6,38.9,4,50.3,76.29,6.5,121.3,25.3,12.6,10.1,349.9
11111500,6,28.9,14.1,47.27,74.18,39.8,55.1,27.4,13.7,7.1,365.7
11120500,7,35.1,0,48.11,74.32,25.4,124.3,11.5,5.8,3.3,169.7
11124500,6,38.1,4.5,49.66,75.9,26.4,62.9,30.5,14.9,8.3,431
11138500,6,39.6,7.1,51.04,80.12,31.1,48.9,25.7,12.7,6.1,348
11141280,5,45.6,1,40.24,56.46,46.4,423.9,19.1,9.1,4.9,275.7
11143000,4,72.8,3.4,31.27,68.4,8.4,423.2,38.9,19.1,16.8,593.6
11148900,7,52.5,1.5,44.47,74.21,52.5,170.5,12.7,6.1,4,204.6
11151300,6,46.3,2.8,67.63,87.51,269.2,166.1,11,5.3,2.8,152.4
11162500,5,71.5,1,44.85,79.23,15.6,286.9,35.7,17.8,19.5,586
11162570,6,75.8,0.4,51.25,77.3,38,279.1,30.4,15.1,15.5,491.3
11169800,7,56.7,1.8,52.5,76.34,23.3,134.6,14.2,7.1,4,221.9
11173200,5,58.1,4.1,52.02,75.77,38.5,85.5,15.9,7.7,4.9,234.4
11176400,7,56.1,4,50.87,74.51,30.1,85.9,11.8,5.5,3.7,178.6
11180960,7,60.4,0.8,62.26,83.93,450.4,85.1,17.6,8.4,8,290.2
11264500,3,84.5,68.5,17.68,53.74,3.6,692.1,77.5,83.2,37.1,713.9
11266500,3,81.2,60.1,18.99,56.08,5.1,692.6,84.4,79,34.8,752.5
11274630,7,49.1,2.1,52.99,77.57,39.2,340.5,5.3,2.5,2.5,83.8
11284400,7,56.8,9.8,46.98,72.12,129.2,404.6,41.4,20.6,16.6,589.5
11299600,7,55.9,2,54.09,72.91,337.7,279.8,19.9,9.7,6.2,295
11355500,1,91.5,48.1,25.21,46.72,62.7,257.6,106.4,93.3,60,853.5
11381500,1,90.1,28.2,43.66,70.43,73.4,839.9,103.6,73.9,68.8,1068.5
11383500,1,86.3,32.5,43.54,70.22,36.2,842.1,124.2,86.8,75.4,1213.6
11449500,5,80.8,1.3,41.52,61.29,43.5,317.8,45.2,22.2,32.5,797.3
11451100,6,72.9,2.9,38.96,59.22,26,316.7,41,20.4,32.7,724.2
11468000,5,78.2,1.3,47.32,69.02,26.8,652.1,40.3,19.6,27.8,704.1
11468500,5,93.6,2.5,48.16,68.01,28.3,652.9,48.5,23.7,40.1,831.2
11473900,5,96.7,15.1,36.78,54.17,38.1,710.6,79.9,41.7,67.7,1160.6
11475560,5,120,8.8,40.28,62.03,20.5,1227,121.8,60.1,151.7,2036.6
11475800,5,106,7.2,45.12,65.83,33.9,1218.8,93,45.8,105.2,1560.9
11476600,5,115.6,1.4,49.02,69.33,32.7,1259.7,83.3,40.5,95.5,1375.6
11478500,5,90.6,24.9,39.19,59.07,33.9,1196.1,111.2,59.4,87.1,1294.7
11480390,6,92.3,28,36.27,56.51,38.9,1080.1,111.2,58.2,81.9,1316
11481200,4,113.6,2.9,54.22,67.96,65.6,1082,79.5,39.4,94.8,1287.1
11481500,5,115,23.9,46.3,63.37,23.9,1065.2,126.8,66.3,113,1546.8
11482500,5,116.5,11.8,49.63,66.47,27.8,1079.5,100,50.6,109,1441.9
11522500,4,105.9,28.8,25.44,52.22,7.3,863,96.7,56.7,83.7,1140.7
11523200,4,93.3,13,30.45,53.17,12.6,459.1,65.3,33,57.7,982
11528700,5,82.2,28.6,30.38,53.46,32.7,631.2,102,58.3,70.5,1135.6
11532500,4,137.8,8,45.49,64.92,25.7,2140.7,152.1,78,192.6,2137.7
12010000,4,201,15.2,64.5,84.38,63.1,1869.9,181.3,108.5,273.3,2539
12013500,4,192.2,15.3,67.2,89.95,237.7,1863.6,151,88.7,227.2,2140
12020000,4,189.6,21.1,51.44,76.3,79.4,1109.7,139.2,81.1,188.1,1796.1
12025000,4,168,15.6,64.55,82.51,1610.3,1107.6,62.9,35.4,86.2,921.8
12025700,4,182.6,26.9,42.85,58.86,16.4,1101.7,118.1,75.8,134,1345
12035000,4,197.7,15,56.46,77.46,695.9,2777.8,149.4,88.1,234.7,2163.5
12040500,3,208.5,19,17.3,26.87,57.2,3733.1,261.3,185.5,343.8,3363.1
12041200,3,216.8,29.5,9.19,15.47,28.2,3351,276.5,220.7,349.2,3404.2
12043000,4,199.6,19.8,22.97,29.64,36.2,3354,225.6,143.6,292.9,2740.5
12043300,4,193.9,15.7,46.92,57.62,50.8,2044.7,167.3,94.5,257.8,2336.5
12048000,3,187.3,50.9,12,19.83,15.4,1580.7,146.8,151.1,173.9,1745.2
12054000,3,189,39.9,23.05,35.54,18.3,1993.7,189.8,174.1,209.1,2108.5
12056500,3,214.8,36.3,23.32,38.14,11.2,1906.1,275.8,247.6,346.5,3391.2
12060500,4,208.3,24.3,35.29,59.56,17.3,1908.1,255.3,187.6,342.6,3181.2
12073500,1,149.2,10.9,23.85,56.22,76,1397,42.8,22.3,73,822.7
12079000,4,172.1,21.3,43.5,62.43,33.4,1259.4,91.1,57.7,109.5,1119
12082500,3,183.8,48.6,21.42,49.02,5.8,1082.8,170.9,172.1,167.8,1689.4
12083000,4,193,39,29.69,50.88,26.9,1079.1,198.8,172.1,181.8,1862.4
12092000,3,191.7,56.5,18.97,51.68,2.3,1200.3,149.5,170.3,175.9,1726.6
12094000,3,193.5,49.5,19.76,48.11,18.9,1203,160.7,173.8,157.3,1607.9
12095000,3,188.9,30.3,29.31,49.44,34.4,1203,143.2,121.7,138,1361.8
12097500,2,178.5,51.5,22.69,40.37,8.5,1200.6,164,175.5,124,1394.5
12114500,3,209.1,55,19.33,40.5,5.6,1223.9,189.3,213.4,226,2195.8
12115000,3,207.1,53.4,19.94,41.7,5.9,1242.5,195.8,219,226.9,2219.6
12115500,3,202.5,46.9,21.53,39.18,8.4,1233.6,221,238.5,235,2330.9
12115700,5,199.5,43.7,23.06,41.79,7.6,1230.2,231.9,241.4,229.6,2298.1
12117000,3,195.3,33.9,26.29,44.95,18.1,1235.1,223.5,206.6,219.6,2185.1
12141300,3,213.3,56.7,19.07,47.39,3.1,2100.9,186.4,212.8,228.7,2159.7
12142000,3,209.9,48.6,18.43,43.72,5.2,2117.5,209.9,225.7,236.8,2302.8
12143400,3,215.1,58.8,14.19,44.71,3.1,2029.5,184.6,212.7,238,2237.8
12143600,3,209.4,54.5,15.22,44.7,3.6,2048.3,197.6,220.9,232.9,2247.9
12144000,3,202.2,49.4,18.89,46.73,8.8,2015,199,211.7,225.9,2194.6
12145500,4,198.4,19.9,39,62.57,59.9,2066.1,133.6,89.9,168.1,1584
12147500,3,208,39,24.32,44.3,11.3,2140.4,219.4,205.5,202.9,2030.7
12147600,3,215.7,52.2,12.73,44.28,1.4,2107,210.7,232.5,265.9,2492.3
12167000,3,210.5,35.9,29.75,50.48,25,2568.9,189.1,156.9,199.5,1875.1
12175500,1,174.6,69.6,25.36,43.95,5.3,1806.6,136.3,153.4,126.9,1441.6
12178100,3,183.8,59.6,24.54,42.77,6.7,1813,180.2,183.8,171.1,1784.7
12182500,3,179.1,60.6,24.99,44.7,7.2,1809.4,167.4,171,144.3,1564.5
12186000,3,211.1,59.6,24.15,42.62,5.7,2145.9,190.4,211.4,229.9,2163.7
12189500,3,200.9,57.3,24.71,44.19,6.8,2134.5,185.5,190.6,187.1,1897.1
12201500,4,176.4,17.3,31,55.66,36.4,1545.8,58.7,36.1,85.2,809.6
12332000,2,116.3,52.1,30.8,46.94,46.4,193.3,79.6,116.3,14.7,467.1
12354000,2,143.5,55.2,24.01,35.89,13.2,331.5,116.1,107.6,27.9,583.4
12358500,2,146.8,59.4,24.35,37.18,18.7,876.8,110.9,153.7,40.6,809.5
12374250,4,121.2,43,24.66,42.07,16.1,312.8,39.3,26,2.2,126.6
12375900,2,157.8,65,23.6,35.8,7.5,327.4,110.7,153,69.8,1091.1
12377150,2,171.6,69.4,23.38,35.17,11.3,323,90.6,136.7,60.2,949.9
12381400,2,158.1,55.3,25.3,36.78,27.3,281.2,122.5,136.4,18.9,593.6
12390700,2,152.5,52.9,17.15,29.43,9.7,364.1,120.9,108.9,32.5,636.5
12392155,3,168.4,52.1,32.6,60.1,21.1,377,145.6,146,66.1,1062.3
12411000,4,154.2,46.8,27.5,42.49,8.1,722.3,143.3,111.7,33.6,715.1
12413000,4,152.1,47,28.26,42.88,10.9,721.4,129.6,104.2,33,668.2
12414500,2,153.4,51.2,24.49,41.51,9.5,722.1,140.5,129.4,43.7,791.8
12447390,2,107.7,59.4,36.37,61.02,13.4,311.7,83.4,108,11.6,415.3
12451000,2,149.2,69.3,27.65,56.6,7.1,791.5,120.3,134.4,87.5,1118.7
12452800,2,116.8,68.5,12.94,29.61,4.2,668.8,78.3,99.6,48.8,701.5
12456500,2,126.8,67.1,15.44,33.97,7.8,885.7,101.3,115.4,66.7,875.7
12458000,2,157.7,70.7,27.52,55.55,7.2,894.7,91.6,128.4,125.7,1223.7
12488500,2,161.7,60.3,14.66,40.54,5.1,1032.4,133.7,149.5,103.5,1151.2
13010065,2,156.6,69.5,32.86,61.34,29,615.7,73.2,127.8,41.9,793.6
13011500,2,139.2,65,33.08,59.15,20.3,618.8,79.2,121.1,20.5,574.5
13011900,2,128.4,70.7,21.49,41.91,16,612.8,39.8,89.1,29.9,584.4
13023000,2,119.6,65.6,44.48,66,18.1,509.4,67.7,99.2,16.8,459.1
13083000,1,83.1,34.3,41.83,57.46,84.5,34.4,17.8,10.6,1.1,79.4
13161500,3,77.6,54.4,34.66,54.18,122.3,48.8,28.6,25.3,1.7,97.6
13185000,2,107.2,62.6,7.76,17.89,4.7,290.5,100.4,100.9,13.6,499.4
13235000,2,110.9,63.1,16.52,45.77,16.8,664.6,103.6,113.5,15.7,543.5
13240000,2,139.3,68.2,21.49,72.77,1.2,498.2,96.7,152.1,53.6,934.3
13296500,2,104,57.7,18.66,29.11,88.1,331.9,59.8,87,11.4,351.9
13310700,2,123.4,66.6,17.14,57.22,1.4,547.7,92.7,122.2,30.3,642.5
13313000,2,127.1,72.3,6.82,22.75,1.4,539.8,84.1,124.7,43.1,775.7
13331500,2,140.3,58.1,57.79,71.42,33.1,712.6,113.6,121.2,36.6,721.1
13337000,2,165.7,55.2,32.13,53.73,8.5,830.4,126,149,44.2,857.1
13338500,2,131.4,42.8,49.03,67.88,55.5,315,79.3,86.9,15.3,398.7
13339500,4,151.8,38.3,51.83,70.89,270.8,252.9,118.9,91.9,39.9,720.7
13340000,2,145.5,47.3,41.31,60.09,59.5,565.1,99.1,108.1,27.5,597.6
13340600,2,167.3,54.4,28.46,47.34,7.8,884.6,155.1,168.3,55.6,1000.8
14020000,1,127.8,43.7,58.57,71.06,27.3,83.8,97.6,68.4,24.9,584.8
14020300,4,123.9,40.4,60.74,73.12,64.7,84.2,69.7,40.7,14.4,426.1
14092750,2,149.6,49.5,29.59,65.61,10.3,393.9,104.8,86.8,60.1,839.2
14096850,1,98.2,37.1,42.43,66.91,179.4,340.1,34.5,21.3,17.5,356.5
14107000,2,118.4,51.8,32.79,55.1,32.9,435.5,87,66.8,32.7,605.4
14137000,3,175.4,44.2,38.72,59.07,35.6,1866.2,193.9,180.9,162.3,1742.1
14138800,4,199.9,39.6,34.85,54.62,21.3,1879,260,236.1,237.3,2429.1
14138870,4,194.9,36,34.25,55.33,13.9,1879,265.8,231.8,235.1,2404.2
14138900,4,203.9,32,40.43,57.97,36.7,1879,224.9,171,208.2,2105.2
14139800,4,195.4,33.8,40.15,57.94,37.4,1879,247.3,206.2,219.3,2255.8
14141500,4,188.8,28.8,46.9,62.42,52.6,1879,204.5,153.3,181.3,1887.3
14150800,4,163,7.6,59.15,75.18,44.2,1084,70.7,39.1,85.4,977.3
14154500,4,163.9,12.5,55.09,71.52,43.8,834.9,82.6,52.5,101.8,1160.4
14158500,2,165.6,46.2,32.49,57.91,21.7,1287,189.2,174.2,146.6,1638.5
14158790,4,181,39.8,34.7,54.77,10.5,1288.4,217.2,180.8,160.8,1792.9
14159200,1,161.6,40.1,37.49,57.22,37.4,1282,155.4,121.9,111.2,1324
14161500,4,172.9,32.5,41.04,59.51,14.3,1285,186,127.2,147.3,1594.9
14166500,4,152.4,8.9,76.26,89.83,476.3,902.6,55.5,27.8,72.6,963.6
14179000,3,161.7,44.6,32.42,57.9,7.9,1822.3,186.3,162.4,156.6,1680.5
14182500,4,175.5,22.8,43.49,62.08,48,1823.8,163.4,104.8,169.9,1761.8
14185000,4,171.2,28.8,48.5,65.84,27.9,1642.8,173.8,119.9,153.1,1625.1
14185900,4,177.9,20.8,43.26,60.89,11.8,1650.8,168,105.1,186.8,1861
14187000,4,167.2,16,53.63,70.18,34.3,1637,107.1,61.8,134.9,1345.1
14216000,3,170.3,45.8,34.23,54.1,54.1,2237.4,208.1,186.9,198,2002.2
14216500,3,175.8,38,18.62,43.95,8.1,1878,221.5,176.6,209,2066.4
14219800,5,192.6,23.2,33.44,52.97,29.4,2264,155.4,95,181.6,1789.3
14222500,4,201.3,27.7,39.52,52.83,49.4,2260.1,238.2,176.4,256.9,2531.3
14236200,4,189.6,28,48.48,67.39,23.5,1577.7,134.1,93.4,146.9,1473.1
14301000,4,185.8,20.9,64.89,82.28,154.1,1394.2,122.8,71.8,169.8,1696.7
14301500,4,201.1,22.7,47.14,62.1,30.3,2285.9,135.7,77.8,180,1785.6
14303200,4,188.5,11.9,43.39,59.96,33.1,2318,108.8,57.1,173.4,1774.7
14305500,4,183,13,49.05,69.44,30.2,2307.3,159.4,91.6,225.5,2260.7
14306340,4,179.5,7,43.3,62.43,13.6,1503.4,100.7,51.7,156.6,1660.7
14306500,4,165.7,6,56.64,76.82,26,1511.5,103,53,153.9,1665.1
14307620,4,153.5,7.3,57.45,78.87,53.6,1325.1,72.2,36.4,98.4,1175.9
14308990,4,138,15.7,37.44,69.86,12.9,557.5,61,30.4,61.8,875.2
14309500,4,150.6,7.9,45.09,65.34,11,591,94.6,47.3,140.6,1519.3
14316700,4,155.4,18,44.11,61.43,12.2,992.1,77.3,47.8,89.8,1058.3
14318000,4,149.1,12,46.51,63.56,19.4,986.6,76.1,41.8,90.5,1022.4
14325000,4,164.9,6,47.43,70.08,13.5,1583.3,137.1,69.2,204.6,2140.1
14328000,1,133.7,46.1,33.13,61.61,39.6,702.1,90.2,83.1,77.6,938.3
14353000,4,128.5,45.7,22.23,43.21,9.2,182.5,96.1,73.4,37.2,692.9
14353500,4,122.5,36.7,22.35,42.68,10.3,178,46.3,27.4,18.5,454
14362250,6,107.2,26.2,40.21,55.71,11.1,383,22.5,11.2,16.9,373.4
14400000,4,152.8,7.5,54.46,68.44,16.5,2886.5,174.3,89,226.3,2388.4